-- phpMyAdmin SQL Dump
-- version 5.2.1
-- https://www.phpmyadmin.net/
--
-- 主機： 127.0.0.1
-- 產生時間： 2025-01-16 06:53:54
-- 伺服器版本： 10.4.32-MariaDB
-- PHP 版本： 8.2.12

SET SQL_MODE = "NO_AUTO_VALUE_ON_ZERO";
START TRANSACTION;
SET time_zone = "+00:00";


/*!40101 SET @OLD_CHARACTER_SET_CLIENT=@@CHARACTER_SET_CLIENT */;
/*!40101 SET @OLD_CHARACTER_SET_RESULTS=@@CHARACTER_SET_RESULTS */;
/*!40101 SET @OLD_COLLATION_CONNECTION=@@COLLATION_CONNECTION */;
/*!40101 SET NAMES utf8mb4 */;

--
-- 資料庫： `test10`
--

-- --------------------------------------------------------

--
-- 資料表結構 `member`
--

CREATE TABLE `member` (
  `memberid` bigint(20) NOT NULL,
  `account` varchar(255) DEFAULT NULL,
  `password` varchar(255) DEFAULT NULL,
  `email` varchar(255) DEFAULT NULL,
  `picurl` blob DEFAULT NULL,
  `name` varchar(255) DEFAULT NULL,
  `birthday` date DEFAULT NULL,
  `memberinfo` varchar(255) DEFAULT NULL,
  `tel` varchar(255) DEFAULT NULL,
  `isblocked` tinyint(1) NOT NULL
) ENGINE=InnoDB DEFAULT CHARSET=utf8mb4 COLLATE=utf8mb4_general_ci;

--
-- 傾印資料表的資料 `member`
--

INSERT INTO `member` (`memberid`, `account`, `password`, `email`, `picurl`, `name`, `birthday`, `memberinfo`, `tel`, `isblocked`) VALUES
(103, 'aaa', 'aaaaaaa', 'qqqqq', 0x89504e470d0a1a0a0000000d494844520000004800000048080600000055edb3470000000467414d410000b18f0bfc6105000000206348524d00007a26000080840000fa00000080e8000075300000ea6000003a98000017709cba513c00000006624b4744000000000000f943bb7f0000000970485973000000d2000000d200719a3c8b0000000774494d4507e40c16040a2ed0b35bef000017154944415478daed9c79745cd599e07fdf7defd5ae5269df6c59b6254b5e64f08a3118b32f098b218490b07686a4c3921cce0c93eecef4999e333d9d333d1c72689a10260468720849202126e48021364b6c63cb2bd802e30daf9217598ba592aa5455efdef9a324b9b45a36659899d39fcf3be552bd77dfbdbff77ddffdeef7eebdf0ef32a6c89779f3790b178febbccd1b3ef8d2eaf885001a2708bbef00d0401230635df045803ba7804600a3003f5004540335c6984906530c44c084fbcee90669176843e480207b80bdc061a007487d51b0b20e68146da9042ed5465f65d055182a4454a9ad1cbfd7f2e1b3fd3896078fe50584a44e907413f4ba317a5331926e32a9d1ad187350443529516b81b7809da435ed9c81ca1aa011c01400730ce6466df4b596585372bdf95671b09c3c7f2195b9d54cc8994cbebf881c6f044739d8ca0104d7a448b949ba935db4c74f70247a90031dbb69e9394a5bec38277a8e91d489a30a794f44bd026c020e9e0b50590134048e1fb809780058e0b3fdbeaa482d0b2b2e6566e15c8a82e5782c0fb6b210d24e66c0d1f4ff474e7df45730a50d499de0646f1bbb5ab7b3b1e97d3e6dfd88cedef614b01bf825f01c703c9ba03e17a021601ce03a63cc5d606e5062797d7680bf3aff3f31bf7c0901270080366773a78c0a4bda4925dc147bdb77f0cc96ff4953d7febeb2f57a25ea79e015a03d1b905496e0541acce3dae85f073d39b75e5b7d9bf7d2aaeb49ea04615f1e414f006d3e3f1c0063c035e05836214f2eddc94e6615cfe79bb3eea73858bec8607e668cf935b07094ba9e91586703a6bc6262ff57016ed346ffd456f60d8b275ee5dc3dfb61ae987c134127c4da436f137082d4172ffafc64868812f8b8650b7f39f8065fa9be9d1b6a6f6776f122829e1c3978724f75c28d5f2ba282a4fd53b2bc6222e5151339d274e8dc02ca801306bea78dfb5851b0bc6a59dd3ddc3afd3eca732a40c06707d87af403dae2275834e10a3c966770417286c7501178ffc01becefd8c5576bbe4551a094b037c2f4c23954842773acbb29b73d7e62295028c82740477ffdcf04923dee3319a4aa61e05fb4d177d7169ca7ee9afd036a0a66429ffa03043d394ccc9dc2b6631be84cb413f2063106d0a053069d30b889f4a74e1a8c6bc0a44d4854df610b9647501e85f208ca11c44af34aea14874eee25e22ba024549176f60644140b2b9630396f1aaf7cf20b6bf58137bfa78d9e2d22f79276e6cc5bb878dc7e695c8086d870b9c1fc58a1ee5a5871a9bab3fe214a4315c3fc8b2542ae379fde548cf6d676229de524e329925d2e6e8fc64d184ccaa4a10deaca066b8928104b501ec1f2299c1c85ed57a43c71a2f12e72bc11fc76205d4e9f6803458112ee99fd30616f84959ffd61712cd9f382883c046c39134867a44140d8607e2cc83d9756ddc01df50f12f2844675beb672705d97f69ddde4491c6ddc418d1f0a6324311a8c4e6b5a2aaae93d018890503112d114be880791e17d8d361070827c73e6fd14f84bf875e35317f6a6e23f13917b804fc7dbe0d3f66243cd4aa1eebabcea46be55ff00c131e018035d89933878f1e9100633cca70882a04e7b0c001cb8d620ae85839758b29b84db3b225f0328515c39791977d43f44c0092d34c6bc00d40c69dba832a606651420c0b7b5d1775f5071a9fa56fd83043da1416a3d547add5e8e751f262861822acc501b128463fa209b93ab489878c65f49c3040445ad3d975a7bfeb0f21df150a0cad8d1bb9e8e782bb9dedc11eb63005bd95c39e566da632dfc71d78b0b5de3febd203f004e9eced4c66b62b769e3fe436dc179ea8efaef8f695690ee828f773771f0e45ea658b3094a78a0d19980b627d7f276ef8b7809608945c2c4d1b878c50f0871d34db3decb147b360e837b4185c524ab8e4dbd2b3978720f55b95346ad8f0114c24db577d39d8cf2e7cf5ebd0b3806fc0d60c68234aa896568cf246df4df1607cb2377cdfe01a5a1f2d3067c02ec6cdd4eb4f724b5ce3cec218deb1797140e5e96f9bec7fd81479966cf252479dce9ff11f705fe91525545ca241959550d65d6141ce3b0a7ede381de732c483ec7cfd7a67f9be985e78b36eebdc055a7d38c110165c0710ce687b6b2cfbf66ead7a92998392e38d144370d4def1020cc24ab6e98f60c3e5f28b12a9964d5e2971c2c6c2aac6a26aa6978c43746830d25aa924aab8e754dabd8d7b113759a81933110f1e571eb8cfbc8f315151963fe09a818d2e6d303ca90eb8c31f75e38e14aae98bcec34e9ab534f6ac5de57f8a4650b8bbcd751ac2a31e831afd118349afe1b18a3077d1f0d5040422cf5de4a3c1ee7d51dcfd1938c9d7670a90dcc289cc38db577a244cd07ee1eebfc61803248fa8d3177e7787203574db985a0e33f2d1f25b0e3c45656ec7d990aa9e622cf8da8b31fee9d56349a5a7b2ee73b4bd87aec03561f7c136df4e947e00217545ccec4dca968a3bf0dd40e69fbe880326499c15cbf78e25554e7cf18d3c6a50fcea6e6b53cbdf97fa01370adef1e225238a6799dfa2df3d30cfc7d3c635b0b9b2bbddfa252eaf855e393fc69f74b68a3c7343763a03050c44db577e1b57cd506f330a30cbb460354a08dbebf2c34d17bf5d4af61ab91876c0258928e77dedafb2acf7ef8bfe8e9eee166df83d4daf3facc6474f18a1f8ff8f0e003040f7ebce2c7160785c2c183477c23068299900b5539b7f81ea25857f2fb1dcff152e3531c8936a1249d1e190dd2dcb28b995e340763f43260060cd7a2412dcff8f122837ea4aef03cfbc2095762898325ead40d055c9da22719e5c3630dbcd4f8146feffd3d115dc4d7fcdfa7deb9681ccf1e2252c4647b2695761d1616055619d5d66c4aad4958e290af4aa9b5e793a78ac72cc76008ab02aaedd9b4b8cdac6d7993c6964d8090e72bc4b13c28b150c2401b5ca3d13ac5e1cecfd8d5d61812913dc03a60d0607610df0c404f00dfb72d879260054581524a8213c8f7a72bda113fc191e821dae32768eada87cf0d7181f71a2e70aea340959fd6299fba793a92d6b87ddf1502039aa7507d4637def214dde624db92ab599d58ce71738892d0040afda51407cb290c94e0280f277bdb38dedd4c6bec18cd5d0788257b0036025f055ae054926d0050069c4a6df4caa9e11935d3641e8dd1063a751b09e2a448f4a99d8d173f4115a6ce5ec0f9ce52265835086adc8d19da3019e65acd694d7474e842ab3ec2b6d41ab625d6d0ae8f93204e92de3ef0165efcf824489d6f1e497f0f0d6d2b7b816f00af65021a2992be54899a32d7be9c8bcd2d5c1cbc99b8e9a6c74489992890f61d4109f77d465008baafb33e135158a448d2a69b39aaf773529fc060084a98123589225581570218f498ce7e30d6f4bf7c55ca659eaf7381731d3113ed6b4317068d233e42928b57fce4481e47d41e1aad0ddea87b729920afc3a9860c05a40cfaaab0e45b55c97a8cd204248780e45030287375aa9f317dd53fd3a79c22c927a906b627d7b233b1892e3a101b44049dd2787580c9ce2cea3d8ba9b72f2220e1337a00fda07c12c42fc13e0d1d5e7f80bc441905524617ed75821504ba4603e4d398aa7c95be4067246ac6fb04c703a7c74479a7f737fc25be1c3b28d4d5cf6446fd0d945754605936275a5ad8f5e90eb67fb4954f5ad7d3e859c7f5befb285595676176662078184d3cf8c89732f6f1c924d291f5403a6428a062a022acf2b1c5617c91c899c3792dfe349b532b99b77821575e731d753366e0f3fb41fa46f3c670f9d5577360df3ed6bcff1e7f5ef106bfee69e7b6c0c354a8a967e59bc6120b8749561d5b93ef1601b3814ffb07b043014d15a4b44c4dc6c6c97a45522479a7f7376c4eade4c2254bb8f73bdf259c9b8b318664324977348ad69a603088c7eb654a4d0d955555141716f2dbdffc8ae5b19f7147e06fc99582ac6974bf94ab2978c567f79a78bd202ff7ffdd86413d588d8ded2f5193c8f65b6985c527a90656c797336ff142eefdce770985c3b8aecbdeddbb59f5d60af6ecda452a95a2bc6202975c7e1973e72f20120ef1d7ffe11e3c0afef733bf607362155778bf91554006439e2a262061e2265627884ddffb7f35e4c42a47bc445421d936af14491a931fa082c295d75c97d61cad59fbfefb3cf6e37fa261ed5a42a11045c5c57cb667373ffdc94f78ed959709d90a8f6d73c3f55fa17aea14b624dea1c39c18212cf87c880292438ee401a690f44b5060980f32c55efc7d09aeec89a068d747f834b189bafa99d4ce988131863dbb76f1ab7f7b1eafc7c37d0f3cc8acd9b3519645d3a143bcf4c2bff187dffd8ec913caf9e6edb7515e56c657afbb8e279f7c9acf52db99eb5c8ec1fdfc9523ad41b67808480e0633887ca606d90622963858d87d9d77760e301cd1fb88d2c1ccfad9f8fd7e52a914abde5a4132d1cb0f1ff98f5c75c565787d3e6cdb66727535f7ddff00132755b1fc8fafd3ded101c0bc797309e4f83990fa148d9bd53a2a1401090f8397a941b620e11ed3c9f2d8d338327216f0ec344868d14d880d65e5158808d16894dd3b7732ada68645172cc0ebf5e1ba2e1ddd31b4eb52525646f5b41a3edab4899eee1ef222110a0b0ac8c9c9617b740d9da62deb73770eb93b514306f5834c4c1049a904877377a05416f33802f19e38d22bd876fa96da7549a55278bd5e2ccb42048ac241003aba6318d22f010d066dd2bda928418922eab47230777b96f1404fb41b890fc69e09c8d55a77171416f283fffc43f2f2f331263b9ec8528a4d1b1af8e52f7ec18996168c31044321264c9cc8debd9fb16fdf7ea64dab418950140ea244686e69e5d89123f8fd7e7cbe74eab5abb38b6834ca05175ec437eebc33bbdd8831bcf8fc73ac5fbb06cb3a852513500ae830c6901b89505c5282d6d989839452d4cd9889dfef67d78e1d5c7ef5d578bd5e965c76193ffdf0431effd727f9fbbffb1bcacbcb5122f89461c56bcbd9beed236efffaad14e4e703b0e3d34fe9ea8a523b633a256565b86e769cb488904aa5705d77d8fb814c404644dae2f1385d9d9d949496664d83dc3e9f326dfa0cb67db89503fbf631a5a686b90b1672e3cdcb78edf7aff2c80f7fc4ac993310a5387cf8301b366e62e9928bb9e7ee3b504a118d467963c55be446f2a89b390bad75d6ea678044224157672722a39b18c081dede5e3adadb879df879c5eff73367c17c366fdcc09af7dea3b2aa8abc7088ef7fefbbd44caae4d53fbcc6fb7f598d01fc7e1fdfb8ed56eebeeb0e8a8b8a0078e7ddf7d8b4690b4bafbc8af28a8aac6937a443e29eee6e3a4f9e4444a2702a7eb0219dfb98b7703122b227954c268f343739d90d13416bcd8cd9e751337d062b57bc497151613a42b66d6efbfad7b8faaa2be8eee9c11883cfeb253f3f7fa0a358b7be819f3ff32ca1702e8b2eb904cbb2b20b4884b6d6563ad31ab41bfa125f0cd7a0bd5aebb603fbf695b8a95456b5c81843616121d7dc7413bf7ff1455e7ee9253c0a6eb8fe2b94979511894488442283ae8946a3ac7af73d7efeccb3447b625cb3ec6626555565cdb43201351f3e4c3c163322b22df3b7814ebf6f6254af31e6c650285471e192f493caa6584a11088608e5e771acb999552b57b161e32662b118b6e3a0b5a6a7a78723478fb176dd3a7ef6f4cff9ed6f5f41d90e57dc70230b165d48517e5ed6cddf18c3ca156fb267d7ae0ea5d46340f36819c51e11696e6b6de5647b3bc55974d4fd92971b66dab45a7cb7ddce271f6ee5e30fb7f2c4934f110c060985822851f4f4f4d0d9d5853f18e4bc458ba89fbf80aaaac994161664373eeb934422c191a62680fdc06799bf0d0594524aad3dd1d2b26cefae9d94969767ad2bed174b294a8b0a71b54b4e6e8419e7cfe1f0fe7d341f3a4467473bdad5144e98487159399553a6905f5444c0efa7acb808bfcf977df3528a8eb6365a8e1f4744f6039d630102782b994c3eb275e386928b962ce15cac56f07a3c549697d3d2d686635be44422d4cd3e0fedbae999184a0d1cb9a110a54585783d9eacc301b0956267e3365a5b5a8c526a054396390ce86bc6f48f9d22f2fec7db1b39dedc94753f345031cba2aca88829132750929f4f3814249c93436e3887702848412497aa8a0a2acbcbf07ab2372e1c2422904ab061dd3a52aebb0f5835ac9e235c96504abd72a2b5f596cd0debeddb6b6b69ebea3e371504023edf80e964ea87124144ce89d6f44bd0ebe1e3cd1b696c6c4429f507d20b6606cd151acde36d04f634346cc48d7513f279b39c3e3b2503ab0f4450190770cee018c0635be405bcac5ebd86582c1e1591d7473a7710a00c72072ccbfae5ce9d3bf9f3db7fa6383748c0e3f0ff8b3896a2241266cfce9dac6fd88028b51ad83c84c1704043e43957ebf5bf7de577341d3a4c797e2efeffc72119c0b6146591302699e0d9e75fa0b5b5b55d893c0a4447ba6618a00c82c79452cf1f397254bfb1e22d2c81b2bc1c82be73e430bf00f1393625b93904bc0eeb1b1ad8b4790b4aa99781bf8c76cd885d54c67283cf8039bb77efa99e3cb98aa9932713f47a30406f32bbf1d1b996a0d743692407bfc7a1a9a9997f7ef4318e1e3bd6a4947a0468869157058d08e848d3a17e487111d9198fc7af3ddcd494bb78f122c23939043c0e1edb22e56a52591c34665b0c697f931f0a50140ee25816894482c79ff8573e58b73ea694fa11f0a7d1e08c0a08066951b3522ad0d272e292aeaea89a3f7f1e5e8f07af6313f479d0c69072b3979bc916184b84a0d743496e8870c087ea0b1996bff63abf7ae937b8aebb5c44fe1b7d81e1680b5c460594a14590f6f0857bf6ec5de0ba2e0b17cc4744b09422e8f512f43a180349d745f3e5ad354fcf878680d7a1281c223f2780c73ed5c43757bccd4f1e7f829e58ec0325f22043e6029d11a021909222f2b13166feee3d7b2b43c12075b5d3504a21928e8a433e2f3e8f9d9e006540f7057e5f142c4b29021e87fc9c00853941bc8e3d68d4bf69f3161eff97273976fcf8614ba907800f33db7956808640ea1091d5c96472dee62d5b2b23915c664caf1ba884483af8caf17b09f93d034f4e1b8d31c396a39eb564962322f81c9b48d04f5138485ed08fcfe30c4b876cdabc85fffa0fff9da6e6e6a39665dd0fbcddffdbe956fc8c6ba095616a6d22b225994c9ef7d147db27c6623166cd9a89e30c8e8f2ca5f0791c427e2f41af07bfc7c16bdb0311727f43c7ebb5fa61d84ae1736c423e2fb9011f91a09ffc5090a0cf836da961608c31bcb9e26d1e7fe2499a9a9a8f2aa51e02968f174effbdc72543667f4ed3dafcd2b6ad0b6ebde566be73df5f91979777da328c31a4b42699d2245d97a4eb927235da185c6d4e2d3990f42a1d4ba5fd9c63291ccbc2b12d6ca550a79b524f3ac7f3fa9fdee089279fa2b3b3f3b065590f027f3c13386704680448d5c698ff2222f7cc9b3b47fefabbf73177cef96752dc3078836b76f6d3139a9a9b79e699e7787be52ae2f1de0f9492bf2323183c9355d06794cb18d2b3b589c8bb803a7cb8a9767d4343d0b22c4a8a4b08068367dc28e91bbd0f1c6701a6bba787356bd6f2cf8f3ec6da0fd6c55cd75dae943c4886433ed325e267ed3387ac25bb526bfd63cbb2e6d7545773ef3d77b1e4e2c5f8fdfeb32dfe8c446b4d63e3c73cfbfc0b6cdcb499783cdea494fa47e005a07f31da59ad9fcfe6c60215c0dd5aeb6ffb7cbeea39e79fc765972e65e9254b282a2a3c2760babbbbd9b07113efbcfb3eeb1b1a3871a2b55d29f5b288fc9cbeb5a99f07cee706340224805a63ccc35aeb9b6ddb2e993a750a4b2f59c2a54b9750595989dfe7fb5c89f7dede5e8eb7b4b06e7d03efbcf31edbb637128bc5a222b25a29f528695f333050fc52b7a6180394457aedc3d5aeeb7e5344eaf3f2f23c13274ca0a2a29cd9f5b3a8a9a9a6acb48470388cc7e3c1b6070776aeeb924824887677d372bc857dfb0fb0bdb1917dfbf6d3d47c8463c78e9a54cadda7945a2e227f241ded0fa42cfeafdadc640c5090de2be862adf54dc6985a63cc24cbb28a037ebf951b8950909f472412213737178fa76ff7173745575794f68e0edadbda696b6fa7bbbbdba452a90e63cc7ea5d4febe04fb2afad2a49992cd2d72ced9486094cd9582c004a0de18536f8c99ae8d29c4f4ad9fcf081d4f45e812554aede97be3b98d740aa68b73bc6fd039073406a84cb1c99830398ab864bc2b1f2ae77a9bae2f65e07db6bbb17c999bbdfdbb8c22ff075fd9784b1d00e86e0000002574455874646174653a63726561746500323032302d30372d31395430333a33393a31352b30303a30305ad026180000002574455874646174653a6d6f6469667900323031392d30312d30385432303a30303a31322b30303a3030bbe56fbe0000002074455874736f6674776172650068747470733a2f2f696d6167656d616769636b2e6f7267bccf1d9d00000063744558747376673a636f6d6d656e74002047656e657261746f723a2041646f626520496c6c7573747261746f722031392e302e302c20535647204578706f727420506c75672d496e202e205356472056657273696f6e3a20362e3030204275696c642030292020ce48900b00000018744558745468756d623a3a446f63756d656e743a3a50616765730031a7ffbb2f00000018744558745468756d623a3a496d6167653a3a48656967687400343033e053386100000017744558745468756d623a3a496d6167653a3a57696474680034303373a2683c00000019744558745468756d623a3a4d696d657479706500696d6167652f706e673fb2564e00000017744558745468756d623a3a4d54696d6500313534363937373631322778e1d800000012744558745468756d623a3a53697a65003530303635422e4818d80000005a744558745468756d623a3a5552490066696c653a2f2f2f646174612f777777726f6f742f7777772e6561737969636f6e2e6e65742f63646e2d696d672e6561737969636f6e2e636e2f66696c65732f3132302f313230333038362e706e6705d6c9250000000049454e44ae426082, 'Magee Valencia', '2025-01-02', 'qqqqqq', 'qqqqq', 1),
(104, NULL, NULL, NULL, 0x89504e470d0a1a0a0000000d494844520000004800000048080600000055edb3470000000467414d410000b18f0bfc6105000000206348524d00007a26000080840000fa00000080e8000075300000ea6000003a98000017709cba513c00000006624b474400ff00ff00ffa0bda7930000000774494d4507e40c16040b0d6bcf1bdc0000119e4944415478dacd9c79705d5779c07fe72e6fd76ec9b22c3b92bc3b769cc436c189318903296169da0486003305261dda648069693b5028d0526807a65386a63474a0d3864ca1294b68034d9b859085846cc60e51bccbb22559fbd35bf4d67bef39fde3bef7fcf424bd457a92f3fda3a7fbee3de7dcdffbbeef7ce73b8b6005247af7f717ba6c025dc076e02a604feeff8d4027102cb97f1618032e001781a3c06f80e3c028609756d074df07eafe2e6285c1f8811dc061e000b013e80602805663f11248e680bd0e3c073c099c00d22b05aa2e801600b31e7817703bb00f68ab5b8be7ca14f022f0231ced91c66f7c7994139b4077dc97bbeae1cb0be89a67b3dcfbe853dcbf7b07df7eef7ad447fe755bdaebb9d3d6b4f7292176aa3a6be8a2a284d49ae2fd81f7fcfcc75a73ec8748edb5392fb90c504b7a81ad2fa8c2e7c64c96be48b4f3c0c8d85ddba7c377056cbbb7259da129932160d9781d074d2a940025046a291556122930b79dc37ff3f320d408f020f02de0f47241d50ca8180ed00cdcee71e4ddba92fb001482a065d192ced09a4ad31789b22d3cc3b6e919ba66133464b30840d61996ffc61730af3c03b2f04aa7807f00eec775f84b825413a0223802781bf0e7c05b00a3f83e2540410180a1a0299d61437c96fda3e31c181965fbf40c41cb42e26ad6924509443045f03d4fa0b545dcca2f890d3c0c7c11b707ac1952552d2bd19a46e053c02781961ade03992f206bb16b729ac3e787383474918e441270b5aa669102e38a8b046e7dbae09c179053c06780876a8554b145257036017f0bdc41edddf42558ee7b6148d8148970f3e010b70e9c67432cee6a5e2da094c07be0d778afed2fd59e529901be80eb9bec6a21952db104ce1ee0dbc0fea5825948a4701bd1138973fba933bcf3ec206da9344e959084611378d72fd0bbc74056fccd52c0df035fc97dae0869d15694c0b91af817e0da7ac22905a52bb86a62920fffe6380746c6f0384e79b35302ad6116dfe15f61744e816157d22270b5e7abd542aa06d02ee0bbc0352b05a7581c010d599bb70d5ee0a3afbece15b178796d120ae1cda2774ee1dd731cbd6ba29a6a6ce06bc05f025639480bd65c04a7037800b86535e0e4c5f543b02d1ce1ee23af72c3f028ba528b87050a501a2294c077f015cc4d17aaa9260d7c1ab83757c28290e6012a82e301be0edcb39a708a450a68c85a7cb0ff241f7df5754c290b8d163960a270afc875f94902b7fc12bd6bbc1a738b021f03feb300a4049251e6e10f00775d2e38009a82a8d7e4445b4ba1671340c23478a4af8753ad2d042d8b5bcf0eb2353ce3c65fb34132c7b613e8982ed7ede7a509d71f0d002f2f74c31c4045dab319376ef05e4e40e0860287862ee2b76c1c4d90d535eebbf62a1edcbe054b77a13db77e1d5f7efa39b6862348217146db71a65ad0d7845d2d12b8b044eefd44b1b18a1e505fc39bbd938c67c27eec23186fffb78501e54407fe18376fb32ae23a804b9177e1af8080e5d0138d81004d29069b1a79a4af07a9098c5ce479b2ad8947fa7ad81a3eea9693f692faf99b1101370b22348908a610868df065dceb428150688114c263dda494f88875aaf76bfe4f7e71ee0f94ff50a43d37e09a57dd21e48720885cfb00c351781d879095455310b02c9a325984726f684965684fa40afe26619a64749d528f9df098732ec999260837155dc9f9a362ed110a3489d01468f2b791da77621fbf3f1cbd5b2be4944a35c84b8d43880561884bd1b2a6c0e3487cb6437b32456b3a4d7b32454f3446733a436b3acd9a649ad6741a5d4a3c8e24605bee7b2881eec9602807293c08a5d8108bd3138df15a7b0bba74ebf23a8a5d93d36840deeb38bac270c80d8c8bf5b244a4869200fa01e043b8bdda5cac45da7323f05fb8e3adaa458a5c87a1c02315cde90c1dc9247d335136c467d91a8eb02695a223912494b5f048892165ae271225e625504a20bc598c2b46f05c79067bb893cccbbbdd9847295e58dfc93f5ebb87c1e6460296cdbbcf9ce3f78ff5e3b76d5030d9a8f3e8ee101d3187cde319d6cdd8f82d55d0e232721cb815380f6e66d2c8b39df54243863baa81931f780ac09fd38cade1089b66226c8a44d93413a53595a6319b45578abc7d148fdc1d21a0340054024c1bf38a11cc9d6730d64d8069230269acd33dc868034ac07523636c0e47196a0cd198cdb23116c790aa60be2ff5f9397a850fa1e0d9ad01d6cf586c1bcdb2e36286f6988d508b82da01bc1f37887435e8f9cfff1f77bdf3ed4841af14e271a0af9c961812da522936cd44b97a7c92dd93d3f44663b4a6d2781d077295d7941c53ae53d2d74ee1d97302b36764eeb0418075a28ff4337b51594f4e934043e54cf95208f05ab7971fed6f24e9d18a6224f7bb9684c395c319f69d4bd1195914d4af817700136e994ab1f6187426ec3f4c19c63f51143cca9cea7b1d49777c961d5361f68d4db07b728aae7802bf6dbb36ce32723a4a20fc693c3bcee2b9ea0422942a4e7acdb9cf3ad543e6c82ee44ce3259bce9151ca61a801fee3c676c20dc6dc9ebce87750407352b2f75c8a7d0329d6cc3aa5d5d9c0ef01df07109ff9ee690296edfbc9d64d0fcd7acc77e49dab29155db309f68d8e73c3f028574e4db32695c69072ceafb62c51027ded14deeb8e61748f514ef75d100a1969c41ed8803dd1864a791186249d82e9412f71cde11787d67366738bdb0b2e5e2d009d119b1b8f27d83d94c670e654fd10702790354643414c2977d89ab64f0a68ce64d9333ec5e1f343ec1d9ba0733681a154414baa4d43540283ee606e19c4fba657d11a1279bbacf89cd61cc3736d3f1e4743490da12962cff4923cdd8b29247b5f1967aadd4fa4c9bba016e5380330da6cf0e3fd8d0cb79a1cee4f10ccc87c13ae07b600fdc68fb6ade383af0fdfb4211e5f73e8c2086f19bac89699087edb2e684a5da014bda4f065f0ee7d0df3cad308b3aa14c5fc9f5f5308cdedd4adb837f795a07526c3d5472779e6e07aa456be5c4d415617fc726b807050e7dd47e3b4c51d94602d6e2ab95fcf4cb61b6b6de78f6e3b35b0f3a6f3c3742693684ab94eb69e60722fa735c5f11f7a0973fb801ba02d736648da1ae123dd64237eb75314d014cd30d91e20d2ecab587afefb8926838b2d263d535942198512c4809f68b1356deb764e8577ae9b4dd4cf841681a3774ce37fdb2f31fa86ea53a600276562c5bd7322064fd6e1aadf4ce1cbd85517a52938d76ef2f0350d44fd1a42b11368d780ed52880d75d7961238c68651fc373f8fde39559b499505a4b0623eac8477ce10420941d7c5597a0663355981a6e0649797277685b074d1a329b669b819c360d5a52c054eef30bec3bf426b8dd40f4e4eb2113fd29a9f8bd61dc98e13617ce9eab5085cce477a7cf4777b43ba54db34dc54ea9267282ac2e91bc27fe845b450a2ee7050901a6f4039f39baf84a0632249f770bca2b32e958c21787e4bc0186d36f66bc0ba9585f3122294ac3f1c40d93a997060d1ef7547b2e574044fb662e26c8e680a465a0d9edc19ead070d7e7d41f4eefb00b27b832701060274dd2d3411673334a08ba4667e99848d6dc23db9a60b4d9e8d17013f3f585b3f122fe432fae1c1c00a1c846fdd8090f8b4684b83d5adfb968d9c8baccab346bb80b10ea0647ef98c677f0e51533ab62494f849019bdc25d82eee15942b3566df1286069624dfd9cb31268ad517c6f7d11ad25b6e2709082e45803aa423d4a40632cc3bad1d9dacccccd0004eb034809442889efe0cbe81dd32b0f07501913156ea92a10d71dc586a138ba232bdf5c24865468b0cc653ab9ec9feffa23181b4657050e4221630d34a4d7e233cc2a9a28e8984c1148da3535cf67a9b886bbea61e9a2493c571f77673357034e1ed04c2386eda7c5174217e50d410908cd66690da7ab373337113aad91cb9c2d55cced0378f69c28db93d45da48633d18672043ec3a4c11ba8f888614b3a269255f76602b07566346070498d5402a36b1cdf9b8e214c6bf5e0002a6be24cb415fc4fa32780dff0947f61059de3490cbb4a400a821935a801e34b81a335cce27df3314430b57aa6956bb98c3620238d05add584a0c91b2c6b6a4a081a6319fca9eaba7b432ada63f698863b275d532c2e4c0bef75c7d03b2757170eb8298e89365466aec6f80c0f218fbf0c2008246d1a63d9aafc902eb194e0250d77d57aa296369abb4e616e39bffa70001c0d67b47dc1d5640d1e3f1e7df1f518862d698e662a56a104043332be71ca3aa5e12ee53f5f55e394c0583f8ef7eae3a0d51653d445844226fd39ff33df97189a4e8327b06868a44945cb4ca6b2a3566038eadcba887d32ef835eaf068e0825f15e77cc9dfcbf1cda23404eb422e3c1457bcda0e9c3672cbe282598b0d09df2807405cd49a77ff3579f0ae7a7b39fa9d838c3c1bbf735f4b575cc08d62a0aecb176b0171f7f6942d0e80da02de0679480865816d32aaffd1e5ba9f698f3d4177e7a9bcc1becd3b8f1d0c2237b25307b86f16c1bb83c60f2cdc8785cff53e1f7f119267ec34bc24a977c23f0651c4c4b92f6e98b4e2e86d27264c3b4f56c77d82a64124f02cf2f06476b8ae3d9fb1a98b5a52feb2a4221c3cdeeb2960a41a940d0e0f12fa8459a2331ecc5354893d09c749e3ef8c0e8c096b16c015016f8010b6c52734dab1f7dcdcce533ad9cd8439df3baf7c5c46b780898be39d794008f25f1a76d16524305f8b332b32e62ffe0decff7dae34dc69cf5418fe1ee67b8a6b844b3770873f3e06587a3321eece1ceaaef17b8dd7ed2ca205589c6a8c27a8979cfb4249c23074e279f8afb3576fff57bd18a76e74d909bb0cfc3d11a67f15cdb7f794d0b5cf39a6e46869b6b1af37975938039b747d370d7182e78bfadd4da98f3bd2ffd6efbccee2f6d2ddc5f2c0f02fdee3712cfee536f08d302b02f74556d5ec512327d737c91ae04017be1f7698b3b47f60f247f78d72f2244efe9bf04a8488b2e00f7a18463748f616e3fcb6a6d1a5c5404a8940f7b6869932fde5c8f96174d81b764c09af33df6c6e9ec7ddfbab975ec86cfbea5c0645ebcae329e7f17c1d4939eab8f237c99e5a6d3ea0048e14cb654d57b2df8388250518f26983f08d0157445ecff7dc7b1d907ffe08919a2f73c760968fe439e58e8ce9f467cd71dfd3b63dd64ec8d605a48813dd88db28c2517e1d34d7cba07955b91563ccfa804b4249c89dd43e9af3ebe2b343bd9a8cfd9353d4f83f4ce29ccdf79fc0974e781cbcd06a190f1e092cdab508c10043d3e34044a13643c1ae4b6320433526d19cb7ce3964fddf6ec079e8df0a6b3a939cfce01542077a22fbf1be6e5ea9ab05280c019ee44c61a969db1f4191e4cdd004dc3323510603a8aada3d9ffbefda5d8374f7cf6875c5c63cedb733f4f838a36735cc0dd93baac94ec7244650dac810dee1ea9658a2e3482a62f370b2bd0246c9ac81e3b7832f9e9577afdd199a0cefaafbf7fde73950cfb71e0af7077e9adeebe0da190936d3863ed6ed7530709185e6695c4d661f37876e4a6d7137f727cbde7e41df76c07b175c16716cc51966c09fa0ef04d2eedc95d1d5102eb5cf792629fc5c4d474cc4080f533f6f8f5a7939ff8fcfbd63e71fba361a2f7bcb2e833657557bdfa9efcc720f037c0272a3d5317c9e59d930f1f464697ef7f8ac5d1188ffbf4bbeffc44f743cf7dee2cb146a3ec591f6527948a342901fc05f0cfac5264640f762363a17a4f278d1892bb9fdbe27fe8c9af0c568403556a43912635e06eadfe38e0abe6d99a45804a7949feec469cf135f504741477bfff93f90bd59c1253d5dc7c9126c581cf027f8a7bf2ca0a0052d8e7bb70265beb0547e12e0c7f7fad70aa065402c9c275da1f025ea8371f9531b14ef556b307be1a19033e077c14f7f4859ae0c0121c6e91b9817b82d49f011f66997bcc00d014f64037c9c70e96cd3b572136f03fb8a744fc6a29600a4daaf5819210e022aeb9dd0efc0ca83ce9544eb206d9e39b21bbe47197c43d70e963b81abe2c38b0cc2ebb449b42c06fe1aaf35b73ff572f39ed493d7603caae19503a07e67bc08f81c9e582a90ba04540058037e33ac55b70178956d454651ba41e3d887d6e7db591b3048680a770f7bd3f8bbb0fbe20f538cbacae415f092801f4e2ee9c390cecc6ddacd748e9104728ec818d241fbfbe9cefc9e6009cc5cd7a3e9d8332484994ff863be4ad02a87c3d6dc036dc95fdfb710f82eb01da71b486e4633744ecb31b7d39ed89e39e7837cea5a3025f01cee01ebb356fd1d74a1c1108f0ffdf054fa26fe3bb120000002574455874646174653a63726561746500323032302d30372d31395430333a33393a32302b30303a303086670e5c0000002574455874646174653a6d6f6469667900323031392d30312d30385431393a33353a35352b30303a30307e37ddbc0000002074455874736f6674776172650068747470733a2f2f696d6167656d616769636b2e6f7267bccf1d9d00000018744558745468756d623a3a446f63756d656e743a3a50616765730031a7ffbb2f00000018744558745468756d623a3a496d6167653a3a4865696768740039313518f33f4600000017744558745468756d623a3a496d6167653a3a5769647468003931358b026f1b00000019744558745468756d623a3a4d696d657479706500696d6167652f706e673fb2564e00000017744558745468756d623a3a4d54696d6500313534363937363135356083c09f00000012744558745468756d623a3a53697a6500343838333242595afc7f0000005a744558745468756d623a3a5552490066696c653a2f2f2f646174612f777777726f6f742f7777772e6561737969636f6e2e6e65742f63646e2d696d672e6561737969636f6e2e636e2f66696c65732f3131372f313137363531352e706e67f1e536b70000000049454e44ae426082, 'Jermaine Raymond', NULL, NULL, NULL, 1),
(105, 'Nero', 'MCK25UGL9BG', 'tempor.augue@outlook.org', 0x30, 'Cora Quinn', '2025-09-02', NULL, '0955477435', 0),
(106, 'Allistair', 'YBT47NSN0EH', 'fames@yahoo.com', 0x30, 'Desirae Whitney', '2025-10-26', NULL, '0978329281', 0),
(107, 'Carlos', 'DQK63HCC0TD', 'class.aptent@protonmail.ca', 0x30, 'Forrest Evans', '2025-04-11', NULL, '0946242936', 1),
(108, 'Hashim', 'SUO93SCT4EH', 'mauris.magna@hotmail.ca', 0x30, 'Oscar Roy', '2025-09-28', NULL, '05-29881774', 1),
(109, 'Gail', 'RHQ24MIQ1QV', 'justo.praesent@google.net', 0x30, 'Fletcher Hampton', '2025-10-27', NULL, '05-64477547', 1),
(110, 'Bruno', 'XMF70PQZ8FT', 'semper.auctor.mauris@icloud.edu', 0x30, 'Dexter Paul', '2025-10-08', NULL, '0947676258', 0),
(111, 'Dora', 'JIV75XFC8LR', 'a.ultricies.adipiscing@yahoo.couk', 0x30, 'Finn Dillard', '2025-11-02', NULL, '0955831167', 1),
(112, 'Tanek', 'EHS62DDJ5NS', 'mauris.sapien@icloud.org', 0x30, 'Perry Gentry', '2025-01-30', NULL, '0974683452', 1),
(124, 'Haswer', 'FEO93SCT4EH', 'mauris.magna@gmail.ca', 0x30, 'Oscar Jay', '2025-09-28', NULL, '05-29881774', 0),
(142, 'updatedAccount', 'updatedPassword', 'john.doe@example.com', 0x30, 'John Doe', NULL, NULL, NULL, 0),
(166, 'user135', 'pass123', 'user123@example.com', 0x30, 'User124', NULL, NULL, NULL, 0);

-- --------------------------------------------------------

--
-- 資料表結構 `memberorder`
--

CREATE TABLE `memberorder` (
  `memberid` bigint(20) NOT NULL,
  `orderid` bigint(20) NOT NULL,
  `owned` tinyint(1) NOT NULL,
  `wanted` tinyint(1) NOT NULL,
  `collected` tinyint(1) NOT NULL
) ENGINE=InnoDB DEFAULT CHARSET=utf8mb4 COLLATE=utf8mb4_general_ci;

--
-- 傾印資料表的資料 `memberorder`
--

INSERT INTO `memberorder` (`memberid`, `orderid`, `owned`, `wanted`, `collected`) VALUES
(103, 3, 1, 0, 0),
(103, 2, 1, 0, 0),
(111, 2, 0, 1, 0),
(105, 113, 0, 1, 0),
(105, 111, 0, 1, 0),
(103, 115, 0, 1, 0);

-- --------------------------------------------------------

--
-- 資料表結構 `membertag`
--

CREATE TABLE `membertag` (
  `memberid` bigint(20) NOT NULL,
  `tagidm` int(10) UNSIGNED NOT NULL
) ENGINE=InnoDB DEFAULT CHARSET=utf8mb4 COLLATE=utf8mb4_general_ci;

--
-- 傾印資料表的資料 `membertag`
--

INSERT INTO `membertag` (`memberid`, `tagidm`) VALUES
(166, 1),
(166, 2),
(166, 3),
(166, 5),
(142, 3),
(142, 5),
(142, 6);

-- --------------------------------------------------------

--
-- 資料表結構 `orderform`
--

CREATE TABLE `orderform` (
  `orderid` bigint(20) NOT NULL,
  `name` varchar(255) DEFAULT NULL,
  `intro` varchar(255) DEFAULT NULL,
  `deadline` varchar(255) DEFAULT NULL,
  `detail` varchar(255) DEFAULT NULL,
  `picurl` varbinary(255) DEFAULT NULL,
  `location` varchar(255) DEFAULT NULL,
  `rank` int(11) DEFAULT NULL,
  `people` int(11) NOT NULL
) ENGINE=InnoDB DEFAULT CHARSET=utf8mb4 COLLATE=utf8mb4_general_ci;

--
-- 傾印資料表的資料 `orderform`
--

INSERT INTO `orderform` (`orderid`, `name`, `intro`, `deadline`, `detail`, `picurl`, `location`, `rank`, `people`) VALUES
(2, 'Project F', NULL, '2024-12-31', 'Project F detail', 0x50726f6a656374204620706963, 'Project F location', 2, 2),
(3, 'Project G', NULL, '2025-01-01', 'Project G detail', 0x50726f6a656374204720706963, 'Project G location', 3, 5),
(102, 'Test Project', NULL, '2024-12-31', 'This is a test project', NULL, NULL, 0, 0),
(103, 'Test Project', NULL, '2024-12-31', 'This is a test project', NULL, NULL, 0, 0),
(104, 'Project A', NULL, '2024-12-31', 'This is a sample project', NULL, NULL, NULL, 1),
(105, 'Project A', NULL, '2024-12-31', 'This is a sample project', NULL, NULL, NULL, 1),
(106, 'Project C', NULL, '2024-12-31', 'This is another sample project', NULL, NULL, NULL, 3),
(107, 'Project C', NULL, '2024-12-31', 'This is another sample project', NULL, NULL, NULL, 3),
(108, 'Project D', NULL, '2024-12-31', 'This is another sample project', NULL, NULL, NULL, 4),
(109, 'New Project', NULL, '2025-01-01', 'Project Details', NULL, NULL, NULL, 5),
(110, 'New Project', NULL, '2025-01-01', 'Project Details', NULL, NULL, NULL, 5),
(111, '專案名稱123', NULL, '2024-12-01', '專案描述987654321', NULL, NULL, NULL, 1),
(112, '專案名稱456', NULL, '2024-12-01', NULL, NULL, NULL, NULL, 0),
(113, '專案名稱456', NULL, '2024-12-31', '專案描述', NULL, NULL, NULL, 5),
(115, 'Project H', NULL, '2025-01-0', 'Project H detail', 0x50726f6a656374204820706963, 'Project H location', 4, 7);

-- --------------------------------------------------------

--
-- 資料表結構 `ordertag`
--

CREATE TABLE `ordertag` (
  `orderid` bigint(20) NOT NULL,
  `tagido` int(10) UNSIGNED NOT NULL
) ENGINE=InnoDB DEFAULT CHARSET=utf8mb4 COLLATE=utf8mb4_general_ci;

--
-- 傾印資料表的資料 `ordertag`
--

INSERT INTO `ordertag` (`orderid`, `tagido`) VALUES
(107, 1),
(107, 2),
(107, 3),
(108, 1),
(108, 2),
(108, 4),
(110, 1),
(110, 2),
(110, 3),
(111, 1),
(111, 2),
(111, 3),
(113, 1),
(113, 2),
(113, 3);

-- --------------------------------------------------------

--
-- 資料表結構 `tag`
--

CREATE TABLE `tag` (
  `tagidm` int(10) UNSIGNED NOT NULL,
  `tagname` varchar(255) DEFAULT NULL,
  `tagido` int(10) UNSIGNED NOT NULL
) ENGINE=InnoDB DEFAULT CHARSET=utf8mb4 COLLATE=utf8mb4_general_ci;

--
-- 傾印資料表的資料 `tag`
--

INSERT INTO `tag` (`tagidm`, `tagname`, `tagido`) VALUES
(1, 'Java', 1),
(2, 'Spring', 2),
(3, 'Html', 3),
(4, 'Css', 4),
(5, 'JavaScript', 5),
(6, 'Python', 6);

--
-- 已傾印資料表的索引
--

--
-- 資料表索引 `member`
--
ALTER TABLE `member`
  ADD PRIMARY KEY (`memberid`),
  ADD UNIQUE KEY `email` (`email`);

--
-- 資料表索引 `memberorder`
--
ALTER TABLE `memberorder`
  ADD KEY `memberid` (`memberid`),
  ADD KEY `orderid` (`orderid`);

--
-- 資料表索引 `membertag`
--
ALTER TABLE `membertag`
  ADD KEY `tagidm` (`tagidm`),
  ADD KEY `memberid` (`memberid`);

--
-- 資料表索引 `orderform`
--
ALTER TABLE `orderform`
  ADD PRIMARY KEY (`orderid`);

--
-- 資料表索引 `ordertag`
--
ALTER TABLE `ordertag`
  ADD KEY `tagido` (`tagido`),
  ADD KEY `orderid` (`orderid`);

--
-- 資料表索引 `tag`
--
ALTER TABLE `tag`
  ADD KEY `tagidm` (`tagidm`),
  ADD KEY `tagido` (`tagido`);

--
-- 在傾印的資料表使用自動遞增(AUTO_INCREMENT)
--

--
-- 使用資料表自動遞增(AUTO_INCREMENT) `member`
--
ALTER TABLE `member`
  MODIFY `memberid` bigint(20) NOT NULL AUTO_INCREMENT, AUTO_INCREMENT=167;

--
-- 使用資料表自動遞增(AUTO_INCREMENT) `orderform`
--
ALTER TABLE `orderform`
  MODIFY `orderid` bigint(20) NOT NULL AUTO_INCREMENT, AUTO_INCREMENT=116;

--
-- 已傾印資料表的限制式
--

--
-- 資料表的限制式 `memberorder`
--
ALTER TABLE `memberorder`
  ADD CONSTRAINT `memberorder_ibfk_1` FOREIGN KEY (`memberid`) REFERENCES `member` (`memberid`) ON DELETE CASCADE ON UPDATE CASCADE,
  ADD CONSTRAINT `memberorder_ibfk_2` FOREIGN KEY (`orderid`) REFERENCES `orderform` (`orderid`) ON DELETE CASCADE ON UPDATE CASCADE;

--
-- 資料表的限制式 `membertag`
--
ALTER TABLE `membertag`
  ADD CONSTRAINT `membertag_ibfk_1` FOREIGN KEY (`memberid`) REFERENCES `member` (`memberid`) ON DELETE CASCADE ON UPDATE CASCADE,
  ADD CONSTRAINT `membertag_ibfk_2` FOREIGN KEY (`tagidm`) REFERENCES `tag` (`tagidm`) ON DELETE NO ACTION ON UPDATE NO ACTION;

--
-- 資料表的限制式 `ordertag`
--
ALTER TABLE `ordertag`
  ADD CONSTRAINT `FK600rkdbi25qmppc1wgurkc3tw` FOREIGN KEY (`orderid`) REFERENCES `orderform` (`orderid`),
  ADD CONSTRAINT `ordertag_ibfk_1` FOREIGN KEY (`tagido`) REFERENCES `tag` (`tagido`) ON DELETE NO ACTION ON UPDATE NO ACTION;
COMMIT;

/*!40101 SET CHARACTER_SET_CLIENT=@OLD_CHARACTER_SET_CLIENT */;
/*!40101 SET CHARACTER_SET_RESULTS=@OLD_CHARACTER_SET_RESULTS */;
/*!40101 SET COLLATION_CONNECTION=@OLD_COLLATION_CONNECTION */;
